filename,width,height,class,xmin,ymin,xmax,ymax
image_99.jpg,640,1137,white,628,198,650,216
image_99.jpg,640,1137,red,569,348,589,367
image_99.jpg,640,1137,red,573,502,594,520
image_99.jpg,640,1137,red,563,240,580,255
image_99.jpg,640,1137,red,390,136,415,159
image_99.jpg,640,1137,red,352,115,372,134
image_99.jpg,640,1137,red,460,480,484,500
image_99.jpg,640,1137,red,727,411,748,431
image_99.jpg,640,1137,red,611,185,633,205
image_99.jpg,640,1137,red,703,380,723,399
image_99.jpg,640,1137,red,516,367,536,386
image_99.jpg,640,1137,red,527,452,548,470
image_99.jpg,640,1137,yellow,648,375,670,398
image_99.jpg,640,1137,green,591,149,607,165
image_99.jpg,640,1137,brown,483,122,501,137
image_99.jpg,640,1137,blue,657,445,676,464
image_99.jpg,640,1137,pink,653,459,674,479
image_99.jpg,640,1137,black,429,506,445,522
image_32.jpg,640,1137,white,441,387,463,405
image_32.jpg,640,1137,red,777,494,798,514
image_32.jpg,640,1137,red,729,470,749,488
image_32.jpg,640,1137,red,867,514,886,531
image_32.jpg,640,1137,red,572,167,593,185
image_32.jpg,640,1137,red,764,478,785,497
image_32.jpg,640,1137,red,654,510,676,532
image_32.jpg,640,1137,red,526,394,545,411
image_32.jpg,640,1137,red,462,179,483,198
image_32.jpg,640,1137,red,586,470,607,489
image_32.jpg,640,1137,red,572,228,594,246
image_32.jpg,640,1137,red,490,422,509,440
image_32.jpg,640,1137,yellow,712,133,734,156
image_32.jpg,640,1137,green,531,176,550,195
image_32.jpg,640,1137,brown,315,511,339,536
image_32.jpg,640,1137,blue,371,444,389,462
image_32.jpg,640,1137,pink,518,406,539,426
image_32.jpg,640,1137,black,525,385,541,401
image_78.jpg,640,1137,white,356,481,377,500
image_78.jpg,640,1137,red,423,518,442,535
image_78.jpg,640,1137,red,378,434,399,452
image_78.jpg,640,1137,red,375,447,396,468
image_78.jpg,640,1137,red,583,508,604,526
image_78.jpg,640,1137,red,436,139,453,157
image_78.jpg,640,1137,yellow,619,316,641,339
image_78.jpg,640,1137,green,435,432,451,448
image_78.jpg,640,1137,brown,752,117,773,138
image_78.jpg,640,1137,blue,536,194,553,211
image_78.jpg,640,1137,pink,342,463,363,483
image_78.jpg,640,1137,black,689,157,707,175
image_89.jpg,640,1137,white,529,205,541,221
image_89.jpg,640,1137,red,699,394,719,414
image_89.jpg,640,1137,red,633,126,655,147
image_89.jpg,640,1137,red,622,322,640,339
image_89.jpg,640,1137,red,684,168,703,186
image_89.jpg,640,1137,yellow,530,216,552,239
image_89.jpg,640,1137,green,617,437,635,455
image_89.jpg,640,1137,brown,560,507,582,526
image_89.jpg,640,1137,blue,588,135,604,151
image_89.jpg,640,1137,pink,825,473,846,493
image_89.jpg,640,1137,black,549,480,566,497
image_21.jpg,640,1137,white,531,364,551,384
image_21.jpg,640,1137,red,603,498,622,516
image_21.jpg,640,1137,red,591,519,612,537
image_21.jpg,640,1137,red,443,457,466,479
image_21.jpg,640,1137,red,632,434,654,452
image_21.jpg,640,1137,red,513,379,533,400
image_21.jpg,640,1137,red,560,399,579,416
image_21.jpg,640,1137,red,663,193,684,212
image_21.jpg,640,1137,red,521,221,542,241
image_21.jpg,640,1137,red,507,193,527,212
image_21.jpg,640,1137,red,798,449,821,470
image_21.jpg,640,1137,red,664,178,681,194
image_21.jpg,640,1137,red,428,502,453,525
image_21.jpg,640,1137,red,419,525,439,543
image_21.jpg,640,1137,red,497,366,517,384
image_21.jpg,640,1137,yellow,671,526,693,549
image_21.jpg,640,1137,green,577,198,593,214
image_21.jpg,640,1137,brown,377,481,396,505
image_21.jpg,640,1137,blue,564,383,581,400
image_21.jpg,640,1137,pink,489,347,510,367
image_21.jpg,640,1137,black,601,525,621,545
image_64.jpg,640,1137,white,467,398,488,417
image_64.jpg,640,1137,red,583,171,603,191
image_64.jpg,640,1137,red,770,446,791,466
image_64.jpg,640,1137,red,608,385,630,407
image_64.jpg,640,1137,red,696,116,717,134
image_64.jpg,640,1137,red,641,168,662,186
image_64.jpg,640,1137,red,411,487,437,512
image_64.jpg,640,1137,yellow,623,172,645,195
image_64.jpg,640,1137,green,622,136,641,154
image_64.jpg,640,1137,brown,615,370,637,389
image_64.jpg,640,1137,blue,859,520,875,536
image_64.jpg,640,1137,pink,459,198,480,218
image_64.jpg,640,1137,black,675,380,694,399
image_4.jpg,640,1137,white,672,379,690,396
image_4.jpg,640,1137,red,654,179,674,198
image_4.jpg,640,1137,red,582,488,603,508
image_4.jpg,640,1137,red,725,126,745,144
image_4.jpg,640,1137,red,326,521,346,540
image_4.jpg,640,1137,red,370,433,390,452
image_4.jpg,640,1137,yellow,607,465,629,488
image_4.jpg,640,1137,green,671,160,689,178
image_4.jpg,640,1137,brown,761,504,783,523
image_4.jpg,640,1137,blue,435,400,453,418
image_4.jpg,640,1137,pink,835,515,856,535
image_4.jpg,640,1137,black,425,476,443,494
image_68.jpg,640,1137,white,447,397,479,428
image_68.jpg,640,1137,red,761,444,782,462
image_68.jpg,640,1137,red,765,493,788,513
image_68.jpg,640,1137,red,538,409,556,426
image_68.jpg,640,1137,red,816,499,837,517
image_68.jpg,640,1137,red,488,527,509,548
image_68.jpg,640,1137,red,544,353,563,372
image_68.jpg,640,1137,red,554,205,573,223
image_68.jpg,640,1137,red,302,523,321,542
image_68.jpg,640,1137,red,441,432,463,454
image_68.jpg,640,1137,red,589,190,612,212
image_68.jpg,640,1137,red,394,481,415,502
image_68.jpg,640,1137,yellow,410,399,432,422
image_68.jpg,640,1137,green,410,527,428,544
image_68.jpg,640,1137,brown,656,120,675,139
image_68.jpg,640,1137,blue,493,408,509,424
image_68.jpg,640,1137,pink,576,131,597,151
image_68.jpg,640,1137,black,510,396,526,412
image_51.jpg,640,1137,white,617,128,635,145
image_51.jpg,640,1137,red,563,353,584,371
image_51.jpg,640,1137,red,414,122,435,141
image_51.jpg,640,1137,red,398,434,419,454
image_51.jpg,640,1137,red,499,443,519,462
image_51.jpg,640,1137,red,525,190,546,208
image_51.jpg,640,1137,red,577,166,598,188
image_51.jpg,640,1137,red,513,339,534,360
image_51.jpg,640,1137,red,281,492,302,510
image_51.jpg,640,1137,yellow,650,197,672,220
image_51.jpg,640,1137,green,471,401,487,417
image_51.jpg,640,1137,brown,695,385,715,403
image_51.jpg,640,1137,blue,614,326,634,343
image_51.jpg,640,1137,pink,551,264,572,284
image_51.jpg,640,1137,black,702,410,719,427
image_59.jpg,640,1137,white,594,216,617,236
image_59.jpg,640,1137,red,758,499,779,520
image_59.jpg,640,1137,red,486,450,507,468
image_59.jpg,640,1137,red,372,486,392,509
image_59.jpg,640,1137,red,606,127,626,148
image_59.jpg,640,1137,red,639,156,659,175
image_59.jpg,640,1137,red,432,499,450,516
image_59.jpg,640,1137,red,544,118,563,137
image_59.jpg,640,1137,red,716,129,739,151
image_59.jpg,640,1137,red,654,493,673,515
image_59.jpg,640,1137,yellow,811,513,833,536
image_59.jpg,640,1137,green,469,516,487,534
image_59.jpg,640,1137,brown,493,439,516,458
image_59.jpg,640,1137,blue,710,162,726,178
image_59.jpg,640,1137,pink,527,490,543,506
image_59.jpg,640,1137,black,568,310,584,326
image_33.jpg,640,1137,white,305,492,326,515
image_33.jpg,640,1137,red,528,511,545,527
image_33.jpg,640,1137,yellow,379,511,401,534
image_33.jpg,640,1137,green,504,416,520,432
image_33.jpg,640,1137,brown,484,198,510,221
image_33.jpg,640,1137,blue,784,522,804,540
image_33.jpg,640,1137,pink,436,396,457,416
image_33.jpg,640,1137,black,431,447,449,465
image_94.jpg,640,1137,white,543,112,561,128
image_94.jpg,640,1137,red,715,482,738,503
image_94.jpg,640,1137,red,617,137,638,159
image_94.jpg,640,1137,red,627,373,648,391
image_94.jpg,640,1137,red,528,447,546,470
image_94.jpg,640,1137,red,734,155,754,175
image_94.jpg,640,1137,red,813,518,834,536
image_94.jpg,640,1137,red,386,430,407,450
image_94.jpg,640,1137,red,786,447,807,465
image_94.jpg,640,1137,red,827,516,848,536
image_94.jpg,640,1137,red,547,490,566,507
image_94.jpg,640,1137,red,611,477,632,497
image_94.jpg,640,1137,red,543,160,562,179
image_94.jpg,640,1137,red,555,310,574,328
image_94.jpg,640,1137,red,710,411,729,428
image_94.jpg,640,1137,red,616,436,636,456
image_94.jpg,640,1137,yellow,707,119,729,142
image_94.jpg,640,1137,green,681,473,700,492
image_94.jpg,640,1137,brown,839,505,862,528
image_94.jpg,640,1137,blue,524,356,540,372
image_94.jpg,640,1137,pink,458,450,479,470
image_94.jpg,640,1137,black,902,525,921,545
image_96.jpg,640,1137,white,579,290,600,309
image_96.jpg,640,1137,red,264,511,286,533
image_96.jpg,640,1137,red,607,357,629,379
image_96.jpg,640,1137,red,640,390,661,408
image_96.jpg,640,1137,red,443,484,465,504
image_96.jpg,640,1137,red,581,490,601,508
image_96.jpg,640,1137,red,546,166,568,188
image_96.jpg,640,1137,red,588,405,609,425
image_96.jpg,640,1137,red,465,459,485,478
image_96.jpg,640,1137,red,611,352,635,372
image_96.jpg,640,1137,yellow,510,155,532,178
image_96.jpg,640,1137,green,473,146,490,163
image_96.jpg,640,1137,brown,491,339,513,358
image_96.jpg,640,1137,blue,443,126,459,142
image_96.jpg,640,1137,pink,641,490,662,510
image_96.jpg,640,1137,black,546,353,562,369
image_48.jpg,640,1137,white,894,527,913,545
image_48.jpg,640,1137,red,616,132,636,151
image_48.jpg,640,1137,red,477,137,497,156
image_48.jpg,640,1137,red,574,366,594,387
image_48.jpg,640,1137,red,614,522,633,544
image_48.jpg,640,1137,red,445,133,466,153
image_48.jpg,640,1137,red,503,170,524,188
image_48.jpg,640,1137,red,696,415,718,436
image_48.jpg,640,1137,red,389,448,412,470
image_48.jpg,640,1137,red,727,462,746,479
image_48.jpg,640,1137,red,529,215,547,232
image_48.jpg,640,1137,red,553,306,573,325
image_48.jpg,640,1137,red,494,205,513,226
image_48.jpg,640,1137,red,788,440,808,461
image_48.jpg,640,1137,red,645,163,663,180
image_48.jpg,640,1137,yellow,563,509,585,532
image_48.jpg,640,1137,green,410,492,428,510
image_48.jpg,640,1137,brown,766,518,787,539
image_48.jpg,640,1137,blue,655,409,671,425
image_48.jpg,640,1137,pink,530,149,551,169
image_48.jpg,640,1137,black,529,128,549,153
image_66.jpg,640,1137,white,439,506,456,522
image_66.jpg,640,1137,red,586,486,608,504
image_66.jpg,640,1137,red,476,388,495,405
image_66.jpg,640,1137,red,681,392,701,410
image_66.jpg,640,1137,red,528,388,548,407
image_66.jpg,640,1137,red,612,477,633,495
image_66.jpg,640,1137,red,442,175,460,195
image_66.jpg,640,1137,red,618,198,639,220
image_66.jpg,640,1137,red,657,371,678,389
image_66.jpg,640,1137,red,293,519,314,537
image_66.jpg,640,1137,red,623,377,642,394
image_66.jpg,640,1137,red,695,177,714,194
image_66.jpg,640,1137,red,607,509,629,530
image_66.jpg,640,1137,yellow,538,358,560,381
image_66.jpg,640,1137,green,433,473,449,489
image_66.jpg,640,1137,brown,580,520,602,540
image_66.jpg,640,1137,blue,464,417,483,436
image_66.jpg,640,1137,pink,556,263,577,283
image_66.jpg,640,1137,black,622,506,640,524
image_88.jpg,640,1137,white,589,482,606,501
image_88.jpg,640,1137,red,827,474,849,495
image_88.jpg,640,1137,red,653,170,674,188
image_88.jpg,640,1137,red,363,487,385,509
image_88.jpg,640,1137,red,377,419,395,436
image_88.jpg,640,1137,yellow,448,131,470,154
image_88.jpg,640,1137,green,600,208,616,224
image_88.jpg,640,1137,brown,401,497,423,516
image_88.jpg,640,1137,blue,547,179,566,198
image_88.jpg,640,1137,pink,654,515,675,535
image_88.jpg,640,1137,black,513,235,529,251
image_76.jpg,640,1137,white,569,122,590,143
image_76.jpg,640,1137,red,448,139,469,161
image_76.jpg,640,1137,red,391,462,410,479
image_76.jpg,640,1137,yellow,622,433,644,456
image_76.jpg,640,1137,green,516,325,533,343
image_76.jpg,640,1137,brown,334,450,356,470
image_76.jpg,640,1137,blue,765,513,782,530
image_76.jpg,640,1137,pink,433,436,454,456
image_76.jpg,640,1137,black,371,130,393,153
image_39.jpg,640,1137,white,438,416,455,432
image_39.jpg,640,1137,red,595,475,616,493
image_39.jpg,640,1137,yellow,746,448,768,471
image_39.jpg,640,1137,green,574,433,590,449
image_39.jpg,640,1137,brown,611,196,633,216
image_39.jpg,640,1137,blue,597,306,613,322
image_39.jpg,640,1137,pink,500,341,521,361
image_39.jpg,640,1137,black,702,474,718,490
image_13.jpg,640,1137,white,456,192,476,212
image_13.jpg,640,1137,red,732,158,751,175
image_13.jpg,640,1137,red,763,492,780,508
image_13.jpg,640,1137,red,547,500,569,522
image_13.jpg,640,1137,red,666,364,686,384
image_13.jpg,640,1137,red,717,478,737,496
image_13.jpg,640,1137,red,791,113,812,131
image_13.jpg,640,1137,red,446,484,468,505
image_13.jpg,640,1137,red,391,113,412,131
image_13.jpg,640,1137,red,867,512,888,531
image_13.jpg,640,1137,yellow,566,313,588,336
image_13.jpg,640,1137,green,495,196,513,214
image_13.jpg,640,1137,brown,750,435,772,456
image_13.jpg,640,1137,blue,494,433,510,449
image_13.jpg,640,1137,pink,746,511,762,527
image_13.jpg,640,1137,black,522,132,541,151
image_54.jpg,640,1137,white,427,472,448,489
image_54.jpg,640,1137,red,514,156,535,176
image_54.jpg,640,1137,red,523,215,544,234
image_54.jpg,640,1137,red,773,475,795,496
image_54.jpg,640,1137,red,526,129,548,149
image_54.jpg,640,1137,red,754,467,773,484
image_54.jpg,640,1137,red,588,454,606,472
image_54.jpg,640,1137,red,479,349,500,367
image_54.jpg,640,1137,yellow,572,496,594,519
image_54.jpg,640,1137,green,605,156,624,175
image_54.jpg,640,1137,brown,513,358,530,376
image_54.jpg,640,1137,blue,452,489,470,507
image_54.jpg,640,1137,pink,473,400,494,420
image_54.jpg,640,1137,black,599,138,617,156
image_34.jpg,640,1137,white,469,156,489,175
image_34.jpg,640,1137,red,744,430,765,449
image_34.jpg,640,1137,red,397,499,414,517
image_34.jpg,640,1137,red,431,524,450,541
image_34.jpg,640,1137,red,720,151,739,168
image_34.jpg,640,1137,red,473,419,492,434
image_34.jpg,640,1137,yellow,472,445,494,468
image_34.jpg,640,1137,green,581,210,598,227
image_34.jpg,640,1137,brown,645,445,663,460
image_34.jpg,640,1137,blue,826,517,842,533
image_34.jpg,640,1137,pink,395,513,416,533
image_34.jpg,640,1137,black,483,183,501,201
image_17.jpg,640,1137,white,398,436,415,451
image_17.jpg,640,1137,red,686,130,709,151
image_17.jpg,640,1137,red,410,492,433,514
image_17.jpg,640,1137,red,701,392,724,413
image_17.jpg,640,1137,red,682,505,704,525
image_17.jpg,640,1137,yellow,620,423,642,446
image_17.jpg,640,1137,green,524,317,540,333
image_17.jpg,640,1137,brown,865,520,884,544
image_17.jpg,640,1137,blue,448,179,467,198
image_17.jpg,640,1137,pink,677,456,693,472
image_17.jpg,640,1137,black,403,513,421,531
image_6.jpg,640,1137,white,582,129,603,148
image_6.jpg,640,1137,red,369,445,390,463
image_6.jpg,640,1137,red,628,349,648,368
image_6.jpg,640,1137,red,355,516,377,536
image_6.jpg,640,1137,red,422,507,444,529
image_6.jpg,640,1137,red,491,499,510,516
image_6.jpg,640,1137,red,278,525,298,544
image_6.jpg,640,1137,yellow,687,143,709,166
image_6.jpg,640,1137,green,717,403,734,420
image_6.jpg,640,1137,brown,685,163,707,182
image_6.jpg,640,1137,blue,532,518,549,535
image_6.jpg,640,1137,pink,567,144,588,164
image_6.jpg,640,1137,black,644,134,663,153
image_71.jpg,640,1137,white,544,311,563,330
image_71.jpg,640,1137,red,585,160,605,179
image_71.jpg,640,1137,red,647,476,667,495
image_71.jpg,640,1137,red,542,416,562,436
image_71.jpg,640,1137,red,504,150,525,168
image_71.jpg,640,1137,red,666,380,686,399
image_71.jpg,640,1137,red,564,216,587,237
image_71.jpg,640,1137,red,803,489,822,506
image_71.jpg,640,1137,red,556,119,576,138
image_71.jpg,640,1137,red,709,426,730,444
image_71.jpg,640,1137,red,625,465,644,482
image_71.jpg,640,1137,red,806,467,829,489
image_71.jpg,640,1137,red,851,516,872,534
image_71.jpg,640,1137,yellow,694,491,716,514
image_71.jpg,640,1137,green,548,432,564,448
image_71.jpg,640,1137,brown,552,519,576,544
image_71.jpg,640,1137,blue,691,185,707,201
image_71.jpg,640,1137,pink,565,488,586,508
image_71.jpg,640,1137,black,303,518,319,534
image_86.jpg,640,1137,white,713,515,731,533
image_86.jpg,640,1137,red,527,172,548,192
image_86.jpg,640,1137,red,496,332,517,350
image_86.jpg,640,1137,red,456,162,475,179
image_86.jpg,640,1137,red,506,436,527,457
image_86.jpg,640,1137,red,619,388,640,406
image_86.jpg,640,1137,red,613,241,633,260
image_86.jpg,640,1137,red,485,471,505,490
image_86.jpg,640,1137,red,667,182,686,199
image_86.jpg,640,1137,red,521,114,538,132
image_86.jpg,640,1137,red,639,498,658,516
image_86.jpg,640,1137,yellow,790,513,812,536
image_86.jpg,640,1137,green,475,448,493,466
image_86.jpg,640,1137,brown,815,524,836,545
image_86.jpg,640,1137,blue,621,376,637,392
image_86.jpg,640,1137,pink,595,411,616,431
image_86.jpg,640,1137,black,528,478,544,494
image_42.jpg,640,1137,white,617,409,642,431
image_42.jpg,640,1137,red,430,150,451,168
image_42.jpg,640,1137,red,613,334,635,356
image_42.jpg,640,1137,red,819,525,836,541
image_42.jpg,640,1137,red,596,231,617,249
image_42.jpg,640,1137,red,649,120,668,137
image_42.jpg,640,1137,red,699,425,719,444
image_42.jpg,640,1137,yellow,517,335,539,358
image_42.jpg,640,1137,green,702,499,718,515
image_42.jpg,640,1137,brown,838,486,860,506
image_42.jpg,640,1137,blue,377,444,394,461
image_42.jpg,640,1137,pink,592,304,613,324
image_42.jpg,640,1137,black,631,188,647,204
image_9.jpg,640,1137,white,360,525,381,544
image_9.jpg,640,1137,red,675,368,696,388
image_9.jpg,640,1137,red,864,526,881,542
image_9.jpg,640,1137,red,510,499,533,520
image_9.jpg,640,1137,red,587,245,606,262
image_9.jpg,640,1137,red,319,489,340,508
image_9.jpg,640,1137,red,700,134,720,157
image_9.jpg,640,1137,red,403,144,425,165
image_9.jpg,640,1137,red,672,455,693,473
image_9.jpg,640,1137,red,477,171,497,194
image_9.jpg,640,1137,red,511,367,531,385
image_9.jpg,640,1137,red,674,129,694,152
image_9.jpg,640,1137,red,471,423,493,445
image_9.jpg,640,1137,red,293,519,308,534
image_9.jpg,640,1137,yellow,555,343,577,366
image_9.jpg,640,1137,green,749,504,767,522
image_9.jpg,640,1137,brown,381,478,399,493
image_9.jpg,640,1137,blue,757,440,773,455
image_9.jpg,640,1137,pink,716,399,737,419
image_9.jpg,640,1137,black,305,515,325,534
image_72.jpg,640,1137,white,512,321,535,344
image_72.jpg,640,1137,red,424,469,445,489
image_72.jpg,640,1137,red,569,411,593,431
image_72.jpg,640,1137,red,589,490,611,510
image_72.jpg,640,1137,red,549,457,571,478
image_72.jpg,640,1137,red,452,128,473,148
image_72.jpg,640,1137,red,306,499,328,520
image_72.jpg,640,1137,red,507,165,527,184
image_72.jpg,640,1137,red,376,456,396,475
image_72.jpg,640,1137,red,468,461,488,480
image_72.jpg,640,1137,red,652,503,673,523
image_72.jpg,640,1137,red,552,224,574,246
image_72.jpg,640,1137,red,531,514,552,534
image_72.jpg,640,1137,yellow,584,411,606,434
image_72.jpg,640,1137,green,442,399,458,415
image_72.jpg,640,1137,brown,382,129,405,152
image_72.jpg,640,1137,blue,601,427,618,444
image_72.jpg,640,1137,pink,639,446,655,462
image_72.jpg,640,1137,black,579,487,597,505
image_23.jpg,640,1137,white,456,464,474,481
image_23.jpg,640,1137,red,677,475,698,496
image_23.jpg,640,1137,red,583,256,602,274
image_23.jpg,640,1137,red,715,168,736,187
image_23.jpg,640,1137,red,458,171,478,190
image_23.jpg,640,1137,red,563,378,582,397
image_23.jpg,640,1137,red,654,136,674,157
image_23.jpg,640,1137,yellow,622,154,644,177
image_23.jpg,640,1137,green,455,424,473,442
image_23.jpg,640,1137,brown,613,196,635,215
image_23.jpg,640,1137,blue,376,525,395,544
image_23.jpg,640,1137,pink,570,159,586,175
image_23.jpg,640,1137,black,510,340,526,356
image_27.jpg,640,1137,white,773,526,794,545
image_27.jpg,640,1137,red,653,447,672,466
image_27.jpg,640,1137,red,614,237,635,255
image_27.jpg,640,1137,red,576,525,598,546
image_27.jpg,640,1137,red,420,162,439,180
image_27.jpg,640,1137,red,348,113,369,133
image_27.jpg,640,1137,red,594,486,614,505
image_27.jpg,640,1137,red,335,452,353,471
image_27.jpg,640,1137,red,419,447,440,468
image_27.jpg,640,1137,red,736,418,756,436
image_27.jpg,640,1137,red,524,235,545,253
image_27.jpg,640,1137,red,690,146,708,163
image_27.jpg,640,1137,red,515,190,534,209
image_27.jpg,640,1137,red,754,514,772,531
image_27.jpg,640,1137,red,515,401,537,423
image_27.jpg,640,1137,red,546,305,567,324
image_27.jpg,640,1137,yellow,722,435,744,458
image_27.jpg,640,1137,green,581,125,599,143
image_27.jpg,640,1137,brown,525,326,550,348
image_27.jpg,640,1137,blue,556,413,575,432
image_27.jpg,640,1137,pink,380,121,401,141
image_27.jpg,640,1137,black,529,319,545,335
image_36.jpg,640,1137,white,451,409,473,430
image_36.jpg,640,1137,red,712,140,732,159
image_36.jpg,640,1137,red,482,458,503,478
image_36.jpg,640,1137,red,401,144,422,162
image_36.jpg,640,1137,yellow,646,406,668,429
image_36.jpg,640,1137,green,455,142,471,158
image_36.jpg,640,1137,brown,408,425,430,444
image_36.jpg,640,1137,blue,532,459,552,477
image_36.jpg,640,1137,pink,866,520,887,540
image_36.jpg,640,1137,black,688,438,718,468
image_24.jpg,640,1137,white,370,506,389,524
image_24.jpg,640,1137,red,463,391,482,407
image_24.jpg,640,1137,red,540,447,560,466
image_24.jpg,640,1137,red,521,420,541,439
image_24.jpg,640,1137,red,538,426,557,444
image_24.jpg,640,1137,red,547,114,567,134
image_24.jpg,640,1137,red,645,407,666,427
image_24.jpg,640,1137,red,590,339,612,357
image_24.jpg,640,1137,red,441,149,463,170
image_24.jpg,640,1137,red,582,349,603,368
image_24.jpg,640,1137,red,562,185,581,202
image_24.jpg,640,1137,red,618,343,639,362
image_24.jpg,640,1137,red,560,133,583,153
image_24.jpg,640,1137,red,538,499,558,518
image_24.jpg,640,1137,red,492,221,513,239
image_24.jpg,640,1137,red,309,495,329,516
image_24.jpg,640,1137,yellow,673,450,695,473
image_24.jpg,640,1137,green,423,447,437,460
image_24.jpg,640,1137,brown,460,182,481,203
image_24.jpg,640,1137,blue,556,141,575,160
image_24.jpg,640,1137,pink,474,509,495,529
image_24.jpg,640,1137,black,560,263,577,280
image_46.jpg,640,1137,white,544,476,562,499
image_46.jpg,640,1137,red,623,329,644,347
image_46.jpg,640,1137,red,434,499,455,520
image_46.jpg,640,1137,red,572,511,591,528
image_46.jpg,640,1137,red,548,385,571,405
image_46.jpg,640,1137,red,542,202,563,220
image_46.jpg,640,1137,red,510,228,527,246
image_46.jpg,640,1137,red,500,117,521,135
image_46.jpg,640,1137,red,711,441,731,462
image_46.jpg,640,1137,red,703,405,722,422
image_46.jpg,640,1137,red,528,124,550,143
image_46.jpg,640,1137,red,662,474,682,493
image_46.jpg,640,1137,red,508,435,528,454
image_46.jpg,640,1137,red,508,197,531,219
image_46.jpg,640,1137,yellow,578,378,600,401
image_46.jpg,640,1137,green,496,399,512,415
image_46.jpg,640,1137,brown,607,428,630,451
image_46.jpg,640,1137,blue,560,355,579,374
image_46.jpg,640,1137,pink,663,407,684,427
image_46.jpg,640,1137,black,488,394,504,410
image_84.jpg,640,1137,white,566,494,585,511
image_84.jpg,640,1137,red,695,442,713,465
image_84.jpg,640,1137,red,812,490,832,511
image_84.jpg,640,1137,red,589,164,609,183
image_84.jpg,640,1137,red,426,406,446,425
image_84.jpg,640,1137,red,713,469,734,490
image_84.jpg,640,1137,red,309,481,329,501
image_84.jpg,640,1137,red,625,215,645,235
image_84.jpg,640,1137,red,567,410,586,427
image_84.jpg,640,1137,yellow,317,523,339,546
image_84.jpg,640,1137,green,544,509,565,530
image_84.jpg,640,1137,brown,561,167,583,186
image_84.jpg,640,1137,blue,498,470,519,488
image_84.jpg,640,1137,pink,386,136,407,156
image_84.jpg,640,1137,black,545,249,563,267
image_58.jpg,640,1137,white,634,487,653,505
image_58.jpg,640,1137,red,649,357,669,374
image_58.jpg,640,1137,red,612,216,633,234
image_58.jpg,640,1137,red,404,112,424,130
image_58.jpg,640,1137,red,539,124,562,146
image_58.jpg,640,1137,red,691,501,714,523
image_58.jpg,640,1137,yellow,497,352,519,375
image_58.jpg,640,1137,green,410,130,428,148
image_58.jpg,640,1137,brown,502,336,524,355
image_58.jpg,640,1137,blue,813,495,832,514
image_58.jpg,640,1137,pink,534,490,555,510
image_58.jpg,640,1137,black,334,512,355,530
image_77.jpg,640,1137,white,570,127,588,146
image_77.jpg,640,1137,red,371,445,388,462
image_77.jpg,640,1137,red,355,116,376,133
image_77.jpg,640,1137,red,830,478,853,500
image_77.jpg,640,1137,red,605,368,628,389
image_77.jpg,640,1137,red,560,161,582,182
image_77.jpg,640,1137,red,423,459,443,476
image_77.jpg,640,1137,red,398,444,419,466
image_77.jpg,640,1137,red,700,445,720,464
image_77.jpg,640,1137,yellow,432,125,454,148
image_77.jpg,640,1137,green,643,481,659,497
image_77.jpg,640,1137,brown,576,241,593,257
image_77.jpg,640,1137,blue,631,475,647,489
image_77.jpg,640,1137,pink,421,145,442,165
image_77.jpg,640,1137,black,810,510,832,526
image_97.jpg,640,1137,white,544,337,556,351
image_97.jpg,640,1137,red,617,242,638,260
image_97.jpg,640,1137,red,694,495,713,513
image_97.jpg,640,1137,yellow,684,438,706,461
image_97.jpg,640,1137,green,530,233,547,250
image_97.jpg,640,1137,brown,725,485,747,504
image_97.jpg,640,1137,blue,561,493,578,510
image_97.jpg,640,1137,pink,424,459,445,479
image_97.jpg,640,1137,black,644,430,664,450
image_53.jpg,640,1137,white,584,152,606,173
image_53.jpg,640,1137,red,879,516,900,534
image_53.jpg,640,1137,red,828,485,848,503
image_53.jpg,640,1137,red,418,418,439,439
image_53.jpg,640,1137,red,442,185,463,203
image_53.jpg,640,1137,red,465,392,485,411
image_53.jpg,640,1137,red,783,484,805,504
image_53.jpg,640,1137,red,625,458,645,478
image_53.jpg,640,1137,red,593,384,616,406
image_53.jpg,640,1137,red,433,151,453,170
image_53.jpg,640,1137,red,609,194,629,213
image_53.jpg,640,1137,red,583,443,600,458
image_53.jpg,640,1137,red,495,507,516,525
image_53.jpg,640,1137,red,520,496,541,515
image_53.jpg,640,1137,yellow,738,435,760,458
image_53.jpg,640,1137,green,473,457,489,473
image_53.jpg,640,1137,brown,466,432,490,457
image_53.jpg,640,1137,blue,424,116,440,131
image_53.jpg,640,1137,pink,624,484,645,504
image_53.jpg,640,1137,black,518,513,536,531
image_12.jpg,640,1137,white,391,410,410,427
image_12.jpg,640,1137,red,676,177,696,195
image_12.jpg,640,1137,red,488,429,510,450
image_12.jpg,640,1137,red,663,356,684,377
image_12.jpg,640,1137,red,537,361,555,380
image_12.jpg,640,1137,red,445,465,468,486
image_12.jpg,640,1137,red,407,512,428,533
image_12.jpg,640,1137,red,645,382,669,402
image_12.jpg,640,1137,red,615,135,636,155
image_12.jpg,640,1137,red,415,523,437,543
image_12.jpg,640,1137,yellow,466,183,488,206
image_12.jpg,640,1137,green,518,520,537,538
image_12.jpg,640,1137,brown,795,453,817,473
image_12.jpg,640,1137,blue,432,503,450,521
image_12.jpg,640,1137,pink,644,406,665,426
image_12.jpg,640,1137,black,280,491,302,510
image_62.jpg,640,1137,white,499,468,518,485
image_62.jpg,640,1137,red,720,163,738,181
image_62.jpg,640,1137,red,585,236,608,257
image_62.jpg,640,1137,red,525,121,543,140
image_62.jpg,640,1137,red,616,334,636,353
image_62.jpg,640,1137,red,312,491,334,511
image_62.jpg,640,1137,red,758,124,776,143
image_62.jpg,640,1137,red,770,508,793,529
image_62.jpg,640,1137,red,513,137,531,156
image_62.jpg,640,1137,red,537,411,555,430
image_62.jpg,640,1137,yellow,391,522,413,545
image_62.jpg,640,1137,green,572,407,588,423
image_62.jpg,640,1137,brown,473,494,498,516
image_62.jpg,640,1137,blue,794,468,812,486
image_62.jpg,640,1137,pink,472,183,493,203
image_62.jpg,640,1137,black,770,504,789,525
image_29.jpg,640,1137,white,655,443,672,457
image_29.jpg,640,1137,red,776,519,793,534
image_29.jpg,640,1137,red,482,385,503,405
image_29.jpg,640,1137,red,564,511,583,528
image_29.jpg,640,1137,red,840,516,860,535
image_29.jpg,640,1137,red,465,404,484,421
image_29.jpg,640,1137,red,741,454,762,475
image_29.jpg,640,1137,red,666,146,689,166
image_29.jpg,640,1137,red,446,445,467,464
image_29.jpg,640,1137,yellow,712,506,734,529
image_29.jpg,640,1137,green,685,504,703,522
image_29.jpg,640,1137,brown,829,524,849,544
image_29.jpg,640,1137,blue,780,453,809,482
image_29.jpg,640,1137,pink,455,124,471,140
image_29.jpg,640,1137,black,751,421,770,440
image_82.jpg,640,1137,white,267,524,287,544
image_82.jpg,640,1137,red,705,408,728,428
image_82.jpg,640,1137,red,528,505,548,526
image_82.jpg,640,1137,red,448,412,471,434
image_82.jpg,640,1137,red,609,124,630,142
image_82.jpg,640,1137,red,515,475,534,492
image_82.jpg,640,1137,red,465,446,485,465
image_82.jpg,640,1137,red,639,381,658,398
image_82.jpg,640,1137,red,570,123,589,140
image_82.jpg,640,1137,red,505,496,527,519
image_82.jpg,640,1137,yellow,587,491,609,514
image_82.jpg,640,1137,green,876,515,895,534
image_82.jpg,640,1137,brown,521,128,537,142
image_82.jpg,640,1137,blue,596,462,613,479
image_82.jpg,640,1137,pink,621,368,642,388
image_82.jpg,640,1137,black,500,132,518,150
image_79.jpg,640,1137,white,642,423,661,440
image_79.jpg,640,1137,red,416,147,435,164
image_79.jpg,640,1137,red,482,135,504,157
image_79.jpg,640,1137,red,476,455,495,474
image_79.jpg,640,1137,red,642,135,662,154
image_79.jpg,640,1137,red,679,495,698,512
image_79.jpg,640,1137,red,712,479,731,496
image_79.jpg,640,1137,red,509,495,530,513
image_79.jpg,640,1137,red,801,506,822,524
image_79.jpg,640,1137,red,675,154,695,173
image_79.jpg,640,1137,red,518,414,539,433
image_79.jpg,640,1137,yellow,668,363,690,386
image_79.jpg,640,1137,green,813,501,830,518
image_79.jpg,640,1137,brown,420,445,441,466
image_79.jpg,640,1137,blue,611,527,630,546
image_79.jpg,640,1137,pink,601,225,622,245
image_79.jpg,640,1137,black,337,503,353,519
image_43.jpg,640,1137,white,793,481,814,500
image_43.jpg,640,1137,red,448,372,468,391
image_43.jpg,640,1137,red,534,334,555,352
image_43.jpg,640,1137,yellow,483,428,505,451
image_43.jpg,640,1137,green,663,375,679,391
image_43.jpg,640,1137,brown,729,136,747,151
image_43.jpg,640,1137,blue,577,364,593,380
image_43.jpg,640,1137,pink,449,380,470,400
image_43.jpg,640,1137,black,633,527,650,544
image_47.jpg,640,1137,white,517,233,537,253
image_47.jpg,640,1137,red,484,404,503,423
image_47.jpg,640,1137,red,363,460,383,478
image_47.jpg,640,1137,red,739,475,762,497
image_47.jpg,640,1137,yellow,656,416,678,439
image_47.jpg,640,1137,green,555,145,572,162
image_47.jpg,640,1137,brown,645,336,667,355
image_47.jpg,640,1137,blue,652,114,666,128
image_47.jpg,640,1137,pink,487,393,503,409
image_47.jpg,640,1137,black,410,488,428,506
image_1.jpg,640,1137,white,566,290,588,309
image_1.jpg,640,1137,red,555,193,576,213
image_1.jpg,640,1137,red,625,358,644,375
image_1.jpg,640,1137,red,619,153,636,171
image_1.jpg,640,1137,red,387,441,408,459
image_1.jpg,640,1137,red,547,390,569,409
image_1.jpg,640,1137,red,677,497,695,516
image_1.jpg,640,1137,red,588,243,614,266
image_1.jpg,640,1137,red,503,140,526,161
image_1.jpg,640,1137,red,853,520,870,536
image_1.jpg,640,1137,red,669,179,690,200
image_1.jpg,640,1137,red,649,167,670,188
image_1.jpg,640,1137,yellow,323,489,345,512
image_1.jpg,640,1137,green,370,461,387,478
image_1.jpg,640,1137,brown,609,121,631,140
image_1.jpg,640,1137,blue,457,527,475,545
image_1.jpg,640,1137,pink,423,455,444,475
image_1.jpg,640,1137,black,569,232,588,251
image_7.jpg,640,1137,white,409,516,430,535
image_7.jpg,640,1137,red,575,203,597,225
image_7.jpg,640,1137,red,842,486,863,507
image_7.jpg,640,1137,red,708,158,730,179
image_7.jpg,640,1137,red,565,262,585,281
image_7.jpg,640,1137,red,553,448,574,466
image_7.jpg,640,1137,red,789,441,813,463
image_7.jpg,640,1137,red,404,118,425,140
image_7.jpg,640,1137,yellow,568,169,590,192
image_7.jpg,640,1137,green,534,234,550,250
image_7.jpg,640,1137,brown,764,114,788,139
image_7.jpg,640,1137,blue,326,494,342,510
image_7.jpg,640,1137,pink,868,511,889,531
image_7.jpg,640,1137,black,594,137,610,153
image_87.jpg,640,1137,white,526,227,545,245
image_87.jpg,640,1137,red,556,379,574,396
image_87.jpg,640,1137,red,762,508,783,526
image_87.jpg,640,1137,red,602,363,621,380
image_87.jpg,640,1137,red,459,498,478,520
image_87.jpg,640,1137,red,380,469,400,488
image_87.jpg,640,1137,red,752,526,777,549
image_87.jpg,640,1137,red,675,366,695,385
image_87.jpg,640,1137,red,534,352,553,374
image_87.jpg,640,1137,red,531,189,552,207
image_87.jpg,640,1137,red,457,366,476,384
image_87.jpg,640,1137,red,717,390,736,407
image_87.jpg,640,1137,yellow,394,114,416,137
image_87.jpg,640,1137,green,519,120,536,137
image_87.jpg,640,1137,brown,395,136,417,155
image_87.jpg,640,1137,blue,566,125,587,143
image_87.jpg,640,1137,pink,606,345,627,365
image_87.jpg,640,1137,black,772,431,792,456
image_18.jpg,640,1137,white,525,368,545,388
image_18.jpg,640,1137,red,541,341,563,361
image_18.jpg,640,1137,red,279,522,300,543
image_18.jpg,640,1137,yellow,633,453,655,476
image_18.jpg,640,1137,green,689,441,708,460
image_18.jpg,640,1137,brown,603,213,621,228
image_18.jpg,640,1137,blue,700,443,716,459
image_18.jpg,640,1137,pink,503,408,524,428
image_18.jpg,640,1137,black,707,129,725,149
image_56.jpg,640,1137,white,562,437,578,455
image_56.jpg,640,1137,red,532,419,551,438
image_56.jpg,640,1137,red,510,230,530,249
image_56.jpg,640,1137,yellow,522,474,544,497
image_56.jpg,640,1137,green,729,442,745,458
image_56.jpg,640,1137,brown,660,399,682,418
image_56.jpg,640,1137,blue,517,455,533,471
image_56.jpg,640,1137,pink,608,339,624,355
image_56.jpg,640,1137,black,868,523,884,539
image_74.jpg,640,1137,white,452,430,475,451
image_74.jpg,640,1137,red,719,470,739,489
image_74.jpg,640,1137,red,583,372,606,395
image_74.jpg,640,1137,red,816,511,836,530
image_74.jpg,640,1137,red,482,166,503,187
image_74.jpg,640,1137,red,370,492,390,509
image_74.jpg,640,1137,red,699,491,720,509
image_74.jpg,640,1137,red,716,470,737,488
image_74.jpg,640,1137,red,521,123,541,141
image_74.jpg,640,1137,yellow,700,510,722,533
image_74.jpg,640,1137,green,549,347,581,379
image_74.jpg,640,1137,brown,549,207,570,228
image_74.jpg,640,1137,blue,531,488,549,506
image_74.jpg,640,1137,pink,528,494,549,514
image_74.jpg,640,1137,black,435,145,452,162
image_19.jpg,640,1137,white,537,342,553,361
image_19.jpg,640,1137,red,630,334,651,353
image_19.jpg,640,1137,red,617,134,636,152
image_19.jpg,640,1137,red,520,515,539,533
image_19.jpg,640,1137,red,520,474,542,495
image_19.jpg,640,1137,red,513,207,532,224
image_19.jpg,640,1137,red,354,512,373,529
image_19.jpg,640,1137,red,386,517,406,536
image_19.jpg,640,1137,red,421,445,442,463
image_19.jpg,640,1137,red,402,467,423,485
image_19.jpg,640,1137,red,636,456,657,478
image_19.jpg,640,1137,red,351,501,371,520
image_19.jpg,640,1137,red,617,151,642,174
image_19.jpg,640,1137,red,841,478,861,497
image_19.jpg,640,1137,yellow,708,462,730,485
image_19.jpg,640,1137,green,428,163,446,181
image_19.jpg,640,1137,brown,465,362,488,382
image_19.jpg,640,1137,blue,757,519,773,535
image_19.jpg,640,1137,pink,487,417,508,437
image_19.jpg,640,1137,black,617,330,633,346
image_49.jpg,640,1137,white,503,345,523,362
image_49.jpg,640,1137,red,542,340,563,360
image_49.jpg,640,1137,red,408,455,426,473
image_49.jpg,640,1137,red,771,446,790,463
image_49.jpg,640,1137,red,601,519,622,537
image_49.jpg,640,1137,red,488,344,509,361
image_49.jpg,640,1137,red,504,145,526,165
image_49.jpg,640,1137,red,731,491,751,509
image_49.jpg,640,1137,red,660,181,681,201
image_49.jpg,640,1137,red,381,433,403,455
image_49.jpg,640,1137,red,540,198,561,218
image_49.jpg,640,1137,red,773,519,793,539
image_49.jpg,640,1137,yellow,710,125,732,148
image_49.jpg,640,1137,green,725,467,741,483
image_49.jpg,640,1137,brown,585,415,607,434
image_49.jpg,640,1137,blue,846,515,867,536
image_49.jpg,640,1137,pink,637,188,658,208
image_49.jpg,640,1137,black,609,445,626,462
image_63.jpg,640,1137,white,504,502,526,520
image_63.jpg,640,1137,red,657,126,679,148
image_63.jpg,640,1137,red,724,160,746,180
image_63.jpg,640,1137,red,309,497,328,515
image_63.jpg,640,1137,red,489,154,510,173
image_63.jpg,640,1137,red,717,507,737,528
image_63.jpg,640,1137,red,459,483,478,500
image_63.jpg,640,1137,red,781,474,801,492
image_63.jpg,640,1137,red,638,196,658,213
image_63.jpg,640,1137,red,506,348,526,368
image_63.jpg,640,1137,red,878,514,897,532
image_63.jpg,640,1137,red,762,134,783,152
image_63.jpg,640,1137,red,591,361,611,379
image_63.jpg,640,1137,red,712,474,729,490
image_63.jpg,640,1137,red,715,446,738,467
image_63.jpg,640,1137,yellow,605,247,627,270
image_63.jpg,640,1137,green,391,449,407,465
image_63.jpg,640,1137,brown,643,126,665,145
image_63.jpg,640,1137,blue,690,162,706,178
image_63.jpg,640,1137,pink,550,310,571,330
image_63.jpg,640,1137,black,489,160,513,184
image_73.jpg,640,1137,white,452,496,473,515
image_73.jpg,640,1137,red,890,524,910,542
image_73.jpg,640,1137,red,435,513,454,531
image_73.jpg,640,1137,red,706,420,727,441
image_73.jpg,640,1137,red,441,382,461,401
image_73.jpg,640,1137,red,775,465,798,487
image_73.jpg,640,1137,red,561,421,582,442
image_73.jpg,640,1137,red,435,402,456,421
image_73.jpg,640,1137,red,592,352,612,372
image_73.jpg,640,1137,red,697,148,718,169
image_73.jpg,640,1137,red,600,131,621,153
image_73.jpg,640,1137,yellow,531,509,553,532
image_73.jpg,640,1137,green,383,504,399,520
image_73.jpg,640,1137,brown,483,350,505,370
image_73.jpg,640,1137,blue,401,426,420,445
image_73.jpg,640,1137,pink,523,513,544,533
image_73.jpg,640,1137,black,568,339,589,359
image_3.jpg,640,1137,white,536,228,560,250
image_3.jpg,640,1137,red,614,508,635,526
image_3.jpg,640,1137,red,779,435,798,452
image_3.jpg,640,1137,red,289,483,310,501
image_3.jpg,640,1137,red,521,232,539,255
image_3.jpg,640,1137,red,363,460,384,481
image_3.jpg,640,1137,red,636,406,656,426
image_3.jpg,640,1137,red,423,151,442,168
image_3.jpg,640,1137,red,556,232,576,252
image_3.jpg,640,1137,red,773,121,792,142
image_3.jpg,640,1137,red,735,415,755,434
image_3.jpg,640,1137,red,552,427,571,443
image_3.jpg,640,1137,red,623,353,644,371
image_3.jpg,640,1137,red,590,493,611,515
image_3.jpg,640,1137,red,631,210,649,229
image_3.jpg,640,1137,red,602,469,623,489
image_3.jpg,640,1137,yellow,841,514,863,537
image_3.jpg,640,1137,green,470,484,486,500
image_3.jpg,640,1137,brown,489,349,516,376
image_3.jpg,640,1137,blue,363,454,379,470
image_3.jpg,640,1137,pink,493,469,514,489
image_3.jpg,640,1137,black,813,465,831,483
image_81.jpg,640,1137,white,582,526,605,550
image_81.jpg,640,1137,red,556,394,578,412
image_81.jpg,640,1137,red,546,462,566,481
image_81.jpg,640,1137,yellow,498,187,520,210
image_81.jpg,640,1137,green,535,402,554,421
image_81.jpg,640,1137,brown,459,414,481,433
image_81.jpg,640,1137,blue,586,433,602,449
image_81.jpg,640,1137,pink,561,179,582,199
image_81.jpg,640,1137,black,512,349,528,365
image_92.jpg,640,1137,white,390,442,409,459
image_92.jpg,640,1137,red,438,526,459,547
image_92.jpg,640,1137,red,663,138,682,157
image_92.jpg,640,1137,red,832,493,850,512
image_92.jpg,640,1137,red,626,349,646,368
image_92.jpg,640,1137,red,590,518,612,538
image_92.jpg,640,1137,red,353,452,373,471
image_92.jpg,640,1137,red,608,515,629,535
image_92.jpg,640,1137,red,443,146,464,167
image_92.jpg,640,1137,red,282,525,301,542
image_92.jpg,640,1137,yellow,542,235,564,258
image_92.jpg,640,1137,green,569,496,587,514
image_92.jpg,640,1137,brown,746,489,767,510
image_92.jpg,640,1137,blue,514,345,532,363
image_92.jpg,640,1137,pink,535,504,556,524
image_92.jpg,640,1137,black,416,132,437,152
image_38.jpg,640,1137,white,475,369,494,387
image_38.jpg,640,1137,red,449,504,470,523
image_38.jpg,640,1137,red,717,166,737,185
image_38.jpg,640,1137,red,492,184,518,206
image_38.jpg,640,1137,red,494,509,513,528
image_38.jpg,640,1137,red,466,463,487,484
image_38.jpg,640,1137,red,386,517,406,536
image_38.jpg,640,1137,red,589,138,610,156
image_38.jpg,640,1137,red,683,425,704,446
image_38.jpg,640,1137,red,323,501,343,520
image_38.jpg,640,1137,red,413,464,435,484
image_38.jpg,640,1137,red,534,378,555,396
image_38.jpg,640,1137,red,422,114,442,133
image_38.jpg,640,1137,red,635,203,656,223
image_38.jpg,640,1137,red,584,290,604,309
image_38.jpg,640,1137,red,588,126,609,147
image_38.jpg,640,1137,yellow,845,508,867,531
image_38.jpg,640,1137,green,655,137,687,169
image_38.jpg,640,1137,brown,445,437,464,461
image_38.jpg,640,1137,blue,686,439,702,455
image_38.jpg,640,1137,pink,638,501,659,521
image_38.jpg,640,1137,black,731,438,749,456
image_16.jpg,640,1137,white,535,493,554,512
image_16.jpg,640,1137,red,622,347,641,366
image_16.jpg,640,1137,red,552,396,571,413
image_16.jpg,640,1137,red,494,383,513,404
image_16.jpg,640,1137,red,681,176,700,194
image_16.jpg,640,1137,red,671,173,692,194
image_16.jpg,640,1137,red,740,125,761,145
image_16.jpg,640,1137,red,474,380,495,401
image_16.jpg,640,1137,red,605,479,626,500
image_16.jpg,640,1137,red,385,121,405,139
image_16.jpg,640,1137,red,627,524,648,546
image_16.jpg,640,1137,red,733,120,754,138
image_16.jpg,640,1137,red,454,181,473,198
image_16.jpg,640,1137,red,750,464,771,485
image_16.jpg,640,1137,red,464,506,485,523
image_16.jpg,640,1137,yellow,762,505,784,528
image_16.jpg,640,1137,green,504,159,523,178
image_16.jpg,640,1137,brown,639,128,663,153
image_16.jpg,640,1137,blue,550,263,567,280
image_16.jpg,640,1137,pink,343,485,364,505
image_16.jpg,640,1137,black,565,147,581,163
image_44.jpg,640,1137,white,573,454,590,471
image_44.jpg,640,1137,red,523,496,547,517
image_44.jpg,640,1137,red,600,228,619,245
image_44.jpg,640,1137,yellow,406,409,428,432
image_44.jpg,640,1137,green,706,410,723,427
image_44.jpg,640,1137,brown,601,509,623,528
image_44.jpg,640,1137,blue,787,461,804,478
image_44.jpg,640,1137,pink,543,252,564,272
image_44.jpg,640,1137,black,691,500,709,518
image_93.jpg,640,1137,white,370,466,388,484
image_93.jpg,640,1137,red,486,208,506,228
image_93.jpg,640,1137,red,288,492,309,512
image_93.jpg,640,1137,yellow,623,207,645,230
image_93.jpg,640,1137,green,815,520,833,538
image_93.jpg,640,1137,brown,626,494,644,509
image_93.jpg,640,1137,blue,810,484,826,500
image_93.jpg,640,1137,pink,642,119,663,139
image_93.jpg,640,1137,black,495,514,511,530
image_61.jpg,640,1137,white,606,485,625,503
image_61.jpg,640,1137,red,504,144,524,162
image_61.jpg,640,1137,yellow,633,502,655,525
image_61.jpg,640,1137,green,646,213,664,231
image_61.jpg,640,1137,brown,768,507,790,529
image_61.jpg,640,1137,blue,359,122,379,140
image_61.jpg,640,1137,pink,780,119,801,139
image_61.jpg,640,1137,black,686,417,703,434
image_8.jpg,640,1137,white,617,509,639,527
image_8.jpg,640,1137,red,677,126,703,149
image_8.jpg,640,1137,red,685,118,706,137
image_8.jpg,640,1137,red,315,502,334,519
image_8.jpg,640,1137,yellow,573,185,595,208
image_8.jpg,640,1137,green,640,428,656,444
image_8.jpg,640,1137,brown,616,415,638,436
image_8.jpg,640,1137,blue,364,432,383,450
image_8.jpg,640,1137,pink,510,473,531,493
image_8.jpg,640,1137,black,554,413,570,429
image_31.jpg,640,1137,white,826,494,845,511
image_31.jpg,640,1137,red,261,509,281,529
image_31.jpg,640,1137,red,681,505,701,524
image_31.jpg,640,1137,red,705,520,724,541
image_31.jpg,640,1137,red,267,500,289,520
image_31.jpg,640,1137,red,629,408,651,430
image_31.jpg,640,1137,red,629,353,650,372
image_31.jpg,640,1137,yellow,483,471,505,494
image_31.jpg,640,1137,green,327,463,346,482
image_31.jpg,640,1137,brown,357,432,380,451
image_31.jpg,640,1137,blue,362,488,381,507
image_31.jpg,640,1137,pink,579,447,600,467
image_31.jpg,640,1137,black,654,392,672,410
image_91.jpg,640,1137,white,411,466,432,486
image_91.jpg,640,1137,red,538,215,564,237
image_91.jpg,640,1137,red,537,488,556,506
image_91.jpg,640,1137,red,677,434,699,455
image_91.jpg,640,1137,red,559,369,579,388
image_91.jpg,640,1137,red,648,424,672,445
image_91.jpg,640,1137,red,512,168,533,189
image_91.jpg,640,1137,red,712,499,735,520
image_91.jpg,640,1137,red,482,448,504,470
image_91.jpg,640,1137,red,540,518,562,538
image_91.jpg,640,1137,red,651,464,672,483
image_91.jpg,640,1137,red,844,495,864,512
image_91.jpg,640,1137,red,710,120,732,140
image_91.jpg,640,1137,red,333,499,358,522
image_91.jpg,640,1137,red,481,477,499,497
image_91.jpg,640,1137,yellow,379,504,401,527
image_91.jpg,640,1137,green,456,168,472,184
image_91.jpg,640,1137,brown,474,474,500,497
image_91.jpg,640,1137,blue,776,443,791,458
image_91.jpg,640,1137,pink,631,484,652,504
image_91.jpg,640,1137,black,829,491,851,511
image_52.jpg,640,1137,white,512,400,534,425
image_52.jpg,640,1137,red,772,439,793,459
image_52.jpg,640,1137,yellow,553,501,575,524
image_52.jpg,640,1137,green,496,452,513,469
image_52.jpg,640,1137,brown,381,441,403,463
image_52.jpg,640,1137,blue,697,143,718,161
image_52.jpg,640,1137,pink,386,494,402,510
image_52.jpg,640,1137,black,299,513,315,529
image_11.jpg,640,1137,white,682,381,702,403
image_11.jpg,640,1137,red,604,452,621,470
image_11.jpg,640,1137,red,598,455,619,475
image_11.jpg,640,1137,red,610,458,627,474
image_11.jpg,640,1137,red,581,267,602,288
image_11.jpg,640,1137,red,556,350,575,367
image_11.jpg,640,1137,red,717,166,738,187
image_11.jpg,640,1137,red,596,119,617,139
image_11.jpg,640,1137,red,581,167,601,185
image_11.jpg,640,1137,red,828,511,848,529
image_11.jpg,640,1137,yellow,777,490,799,513
image_11.jpg,640,1137,green,616,497,632,513
image_11.jpg,640,1137,brown,526,186,549,212
image_11.jpg,640,1137,blue,437,123,457,141
image_11.jpg,640,1137,pink,772,434,793,454
image_11.jpg,640,1137,black,612,199,634,220
image_69.jpg,640,1137,white,664,179,685,196
image_69.jpg,640,1137,red,686,435,705,453
image_69.jpg,640,1137,red,419,120,439,139
image_69.jpg,640,1137,red,612,369,634,389
image_69.jpg,640,1137,red,684,488,704,507
image_69.jpg,640,1137,red,564,281,585,302
image_69.jpg,640,1137,red,573,306,592,324
image_69.jpg,640,1137,red,479,140,500,158
image_69.jpg,640,1137,red,476,359,497,378
image_69.jpg,640,1137,yellow,570,282,592,305
image_69.jpg,640,1137,green,719,508,735,524
image_69.jpg,640,1137,brown,594,112,616,133
image_69.jpg,640,1137,blue,539,407,555,423
image_69.jpg,640,1137,pink,550,309,571,329
image_69.jpg,640,1137,black,820,494,836,510
image_67.jpg,640,1137,white,434,381,456,401
image_67.jpg,640,1137,red,441,142,461,160
image_67.jpg,640,1137,red,653,342,673,363
image_67.jpg,640,1137,red,473,351,494,370
image_67.jpg,640,1137,red,515,173,537,193
image_67.jpg,640,1137,red,521,449,543,471
image_67.jpg,640,1137,red,743,508,764,528
image_67.jpg,640,1137,red,654,207,672,230
image_67.jpg,640,1137,red,609,189,630,211
image_67.jpg,640,1137,red,376,130,397,151
image_67.jpg,640,1137,red,422,393,441,411
image_67.jpg,640,1137,red,364,125,384,144
image_67.jpg,640,1137,yellow,541,229,563,252
image_67.jpg,640,1137,green,723,476,739,492
image_67.jpg,640,1137,brown,432,152,454,172
image_67.jpg,640,1137,blue,580,469,598,487
image_67.jpg,640,1137,pink,447,434,468,454
image_67.jpg,640,1137,black,633,404,650,421
image_57.jpg,640,1137,white,387,509,404,528
image_57.jpg,640,1137,red,421,504,441,521
image_57.jpg,640,1137,red,716,460,738,478
image_57.jpg,640,1137,red,795,498,819,518
image_57.jpg,640,1137,red,664,474,685,493
image_57.jpg,640,1137,red,458,382,479,403
image_57.jpg,640,1137,red,518,357,544,379
image_57.jpg,640,1137,red,510,164,532,184
image_57.jpg,640,1137,red,743,521,765,542
image_57.jpg,640,1137,red,520,206,539,223
image_57.jpg,640,1137,yellow,542,370,564,393
image_57.jpg,640,1137,green,371,475,388,492
image_57.jpg,640,1137,brown,674,363,696,384
image_57.jpg,640,1137,blue,695,112,712,129
image_57.jpg,640,1137,pink,537,500,558,520
image_57.jpg,640,1137,black,600,224,616,240
image_98.jpg,640,1137,white,690,416,708,435
image_98.jpg,640,1137,red,547,141,568,162
image_98.jpg,640,1137,red,662,472,681,490
image_98.jpg,640,1137,red,304,510,322,529
image_98.jpg,640,1137,red,735,506,756,528
image_98.jpg,640,1137,red,585,511,605,528
image_98.jpg,640,1137,red,655,146,678,168
image_98.jpg,640,1137,red,818,481,840,501
image_98.jpg,640,1137,red,619,527,641,549
image_98.jpg,640,1137,red,619,381,640,399
image_98.jpg,640,1137,red,607,350,628,369
image_98.jpg,640,1137,red,556,174,577,193
image_98.jpg,640,1137,red,594,146,615,167
image_98.jpg,640,1137,red,486,429,508,449
image_98.jpg,640,1137,red,584,469,609,492
image_98.jpg,640,1137,yellow,669,409,691,432
image_98.jpg,640,1137,green,562,425,578,441
image_98.jpg,640,1137,brown,410,157,432,176
image_98.jpg,640,1137,blue,591,478,607,494
image_98.jpg,640,1137,pink,706,136,722,152
image_98.jpg,640,1137,black,701,112,720,129
image_14.jpg,640,1137,white,572,247,589,266
image_14.jpg,640,1137,red,492,220,513,242
image_14.jpg,640,1137,red,533,412,551,429
image_14.jpg,640,1137,red,509,454,529,474
image_14.jpg,640,1137,red,463,141,485,163
image_14.jpg,640,1137,red,752,456,772,473
image_14.jpg,640,1137,red,658,512,679,533
image_14.jpg,640,1137,red,595,326,615,346
image_14.jpg,640,1137,red,471,427,491,446
image_14.jpg,640,1137,red,632,214,652,233
image_14.jpg,640,1137,red,628,407,645,425
image_14.jpg,640,1137,red,542,453,561,470
image_14.jpg,640,1137,red,674,128,694,146
image_14.jpg,640,1137,red,447,496,469,516
image_14.jpg,640,1137,red,421,507,442,529
image_14.jpg,640,1137,red,672,148,696,168
image_14.jpg,640,1137,yellow,770,435,792,458
image_14.jpg,640,1137,green,715,146,731,162
image_14.jpg,640,1137,brown,538,165,557,182
image_14.jpg,640,1137,blue,398,523,414,539
image_14.jpg,640,1137,pink,824,518,845,538
image_14.jpg,640,1137,black,513,354,531,372
image_37.jpg,640,1137,white,643,384,665,404
image_37.jpg,640,1137,red,685,442,706,461
image_37.jpg,640,1137,red,770,515,789,532
image_37.jpg,640,1137,red,666,206,687,226
image_37.jpg,640,1137,red,654,353,675,373
image_37.jpg,640,1137,red,605,231,623,248
image_37.jpg,640,1137,red,741,126,762,144
image_37.jpg,640,1137,red,815,460,835,477
image_37.jpg,640,1137,red,552,448,572,466
image_37.jpg,640,1137,red,712,436,738,459
image_37.jpg,640,1137,red,599,130,620,150
image_37.jpg,640,1137,red,838,502,862,524
image_37.jpg,640,1137,red,617,215,638,235
image_37.jpg,640,1137,red,390,479,412,500
image_37.jpg,640,1137,yellow,621,466,643,489
image_37.jpg,640,1137,green,483,184,497,197
image_37.jpg,640,1137,brown,326,522,349,545
image_37.jpg,640,1137,blue,542,140,558,156
image_37.jpg,640,1137,pink,619,465,640,485
image_37.jpg,640,1137,black,787,117,810,139
image_22.jpg,640,1137,white,646,364,666,384
image_22.jpg,640,1137,red,550,366,570,385
image_22.jpg,640,1137,red,492,469,513,487
image_22.jpg,640,1137,red,539,337,560,358
image_22.jpg,640,1137,red,779,471,802,493
image_22.jpg,640,1137,red,599,397,619,420
image_22.jpg,640,1137,red,469,448,492,469
image_22.jpg,640,1137,red,735,478,756,497
image_22.jpg,640,1137,red,735,525,754,542
image_22.jpg,640,1137,red,598,381,621,401
image_22.jpg,640,1137,red,483,427,507,447
image_22.jpg,640,1137,red,556,520,578,542
image_22.jpg,640,1137,red,612,477,633,495
image_22.jpg,640,1137,yellow,714,464,736,487
image_22.jpg,640,1137,green,354,518,370,534
image_22.jpg,640,1137,brown,524,118,548,143
image_22.jpg,640,1137,blue,653,167,670,184
image_22.jpg,640,1137,pink,782,496,803,516
image_22.jpg,640,1137,black,807,484,823,500
image_28.jpg,640,1137,white,596,474,619,496
image_28.jpg,640,1137,red,531,159,557,182
image_28.jpg,640,1137,red,664,187,683,204
image_28.jpg,640,1137,red,538,468,558,486
image_28.jpg,640,1137,yellow,617,360,639,383
image_28.jpg,640,1137,green,379,448,396,465
image_28.jpg,640,1137,brown,594,478,615,499
image_28.jpg,640,1137,blue,615,434,634,453
image_28.jpg,640,1137,pink,427,501,448,521
image_28.jpg,640,1137,black,763,443,782,462
image_83.jpg,640,1137,white,662,512,683,533
image_83.jpg,640,1137,red,650,377,669,395
image_83.jpg,640,1137,red,621,504,644,526
image_83.jpg,640,1137,red,506,345,525,362
image_83.jpg,640,1137,red,459,442,479,461
image_83.jpg,640,1137,red,647,185,670,208
image_83.jpg,640,1137,red,421,516,445,537
image_83.jpg,640,1137,red,827,482,848,500
image_83.jpg,640,1137,red,682,373,702,391
image_83.jpg,640,1137,red,609,407,629,426
image_83.jpg,640,1137,red,344,525,365,543
image_83.jpg,640,1137,red,494,157,516,177
image_83.jpg,640,1137,red,537,219,557,238
image_83.jpg,640,1137,red,755,464,774,482
image_83.jpg,640,1137,red,329,506,350,524
image_83.jpg,640,1137,red,663,201,684,222
image_83.jpg,640,1137,yellow,603,519,625,542
image_83.jpg,640,1137,green,760,510,778,528
image_83.jpg,640,1137,brown,714,452,738,477
image_83.jpg,640,1137,blue,589,246,606,263
image_83.jpg,640,1137,pink,527,440,548,460
image_83.jpg,640,1137,black,514,389,533,408
image_2.jpg,640,1137,white,844,518,870,540
image_2.jpg,640,1137,red,754,482,775,503
image_2.jpg,640,1137,red,477,415,497,433
image_2.jpg,640,1137,red,277,498,298,518
image_2.jpg,640,1137,red,635,122,654,140
image_2.jpg,640,1137,red,453,132,473,150
image_2.jpg,640,1137,red,754,458,776,477
image_2.jpg,640,1137,yellow,658,134,680,157
image_2.jpg,640,1137,green,568,271,587,290
image_2.jpg,640,1137,brown,760,447,782,466
image_2.jpg,640,1137,blue,534,474,552,492
image_2.jpg,640,1137,pink,728,507,749,527
image_2.jpg,640,1137,black,522,406,538,422
image_41.jpg,640,1137,white,406,134,424,152
image_41.jpg,640,1137,red,766,495,789,517
image_41.jpg,640,1137,red,620,434,640,453
image_41.jpg,640,1137,red,565,504,585,523
image_41.jpg,640,1137,red,433,152,452,169
image_41.jpg,640,1137,red,462,402,482,420
image_41.jpg,640,1137,red,615,494,635,512
image_41.jpg,640,1137,yellow,435,446,457,469
image_41.jpg,640,1137,green,505,392,524,411
image_41.jpg,640,1137,brown,748,489,768,507
image_41.jpg,640,1137,blue,767,441,783,457
image_41.jpg,640,1137,pink,635,127,656,147
image_41.jpg,640,1137,black,886,524,910,548
image_26.jpg,640,1137,white,430,120,447,137
image_26.jpg,640,1137,red,707,117,727,136
image_26.jpg,640,1137,red,392,481,413,502
image_26.jpg,640,1137,red,489,389,510,407
image_26.jpg,640,1137,red,409,126,430,147
image_26.jpg,640,1137,red,332,452,356,474
image_26.jpg,640,1137,red,613,177,634,198
image_26.jpg,640,1137,yellow,741,429,763,452
image_26.jpg,640,1137,green,723,406,739,422
image_26.jpg,640,1137,brown,615,231,636,252
image_26.jpg,640,1137,blue,547,168,564,185
image_26.jpg,640,1137,pink,704,142,725,162
image_26.jpg,640,1137,black,611,194,633,215
